{
    "minmax": {
        "number_of_evaluations": {
            "0.5": 83965518,
            "1.0": 92643423,
            "1.5": 99781721,
            "2.0": 69418150,
            "total": 345808812
        },
        "number_of_evaluations_per_move": {
            "0.5": 7465.592424646572,
            "1.0": 11638.620979899497,
            "1.5": 15532.646481942715,
            "2.0": 19102.4078150798,
            "total": 11816.463762173244
        },
        "number_of_games": {
            "0.5": 265,
            "1.0": 258,
            "1.5": 286,
            "2.0": 151,
            "total": 960
        },
        "timeout_frequency": {
            "0.5": 0.9172223704098871,
            "1.0": 0.7518844221105527,
            "1.5": 0.4090909090909091,
            "2.0": 0.403137039075399,
            "total": 0.696873398257304
        },
        "timeouts": {
            "0.5": 10316,
            "1.0": 5985,
            "1.5": 2628,
            "2.0": 1465,
            "total": 20394
        },
        "turns_played": {
            "0.5": 11247,
            "1.0": 7960,
            "1.5": 6424,
            "2.0": 3634,
            "total": 29265
        }
    },
    "pruning": {
        "number_of_evaluations": {
            "0.5": 52083947,
            "1.0": 94716756,
            "1.5": 64353768,
            "2.0": 8564825,
            "total": 219719296
        },
        "number_of_evaluations_per_move": {
            "0.5": 5171.675801807169,
            "1.0": 6182.959462105881,
            "1.5": 6778.361912787023,
            "2.0": 6353.727744807122,
            "total": 6064.233164053875
        },
        "number_of_games": {
            "0.5": 356,
            "1.0": 402,
            "1.5": 191,
            "2.0": 71,
            "total": 1020
        },
        "timeout_frequency": {
            "0.5": 0.6657730116175157,
            "1.0": 0.1336901886546119,
            "1.5": 0.05508742363598062,
            "2.0": 0.1943620178041543,
            "total": 0.26324795760653563
        },
        "timeouts": {
            "0.5": 6705,
            "1.0": 2048,
            "1.5": 523,
            "2.0": 262,
            "total": 9538
        },
        "turns_played": {
            "0.5": 10071,
            "1.0": 15319,
            "1.5": 9494,
            "2.0": 1348,
            "total": 36232
        }
    },
    "random": {
        "number_of_evaluations": {
            "0.5": 0,
            "1.0": 0,
            "1.5": 0,
            "2.0": 0,
            "total": 0
        },
        "number_of_evaluations_per_move": {
            "0.5": 0.0,
            "1.0": 0.0,
            "1.5": 0.0,
            "2.0": 0.0,
            "total": 0.0
        },
        "number_of_games": {
            "0.5": 250,
            "1.0": 170,
            "1.5": 230,
            "2.0": 40,
            "total": 690
        },
        "timeout_frequency": {
            "0.5": 0.0,
            "1.0": 0.0,
            "1.5": 0.0,
            "2.0": 0.0,
            "total": 0.0
        },
        "timeouts": {
            "0.5": 0,
            "1.0": 0,
            "1.5": 0,
            "2.0": 0,
            "total": 0
        },
        "turns_played": {
            "0.5": 6205,
            "1.0": 2040,
            "1.5": 2919,
            "2.0": 610,
            "total": 11774
        }
    }
}